{
  "Initial RNN": {
    "rmse": 156773.83874919554,
    "mae": 118625.39108455883,
    "train_loss": 0.048024408519268036,
    "val_loss": 0.05688830837607384,
    "train_mae": 0.16928553581237793,
    "val_mae": 0.181226909160614
  },
  "Market RNN": {
    "rmse": 55578.83271977967,
    "mae": 55348.960317460325,
    "train_loss": 0.00594174861907959,
    "val_loss": 0.03707083314657211,
    "train_mae": 0.05553841590881348,
    "val_mae": 0.1878930926322937
  },
  "Market MLP": {
    "rmse": 13207.447567218744,
    "mae": 12387.925595238106,
    "train_loss": 0.0011504763970151544,
    "val_loss": 0.003528271336108446,
    "train_mae": 0.02113470435142517,
    "val_mae": 0.057751499116420746
  },
  "Market 1D CNN": {
    "rmse": 50058.42328058032,
    "mae": 49947.085317460325,
    "train_loss": 0.003374366322532296,
    "val_loss": 0.028033219277858734,
    "train_mae": 0.044226981699466705,
    "val_mae": 0.16260206699371338
  },
  "experiments": {
    "subgroup": "3-bedroom houses",
    "rows": 51,
    "RNN_lb2_u16": {
      "rmse": 25725.694306283836,
      "mae": 25684.090277777777,
      "train_loss": 0.0002771875588223338,
      "val_loss": 0.0024838722310960293,
      "train_mae": 0.014053423888981342,
      "val_mae": 0.046940263360738754,
      "look_back": 2,
      "units": 16,
      "dropout": 0
    },
    "RNN_lb4_u32": {
      "rmse": 68435.27889127316,
      "mae": 68345.51785714286,
      "train_loss": 0.0010079907951876521,
      "val_loss": 0.01450300682336092,
      "train_mae": 0.02694637142121792,
      "val_mae": 0.11269336938858032,
      "look_back": 4,
      "units": 32,
      "dropout": 0
    },
    "RNN_lb2_u32_drop": {
      "rmse": 8095.484057217315,
      "mae": 7742.25,
      "train_loss": 0.001708508818410337,
      "val_loss": 0.0009918947471305728,
      "train_mae": 0.03352223336696625,
      "val_mae": 0.02997656911611557,
      "look_back": 2,
      "units": 32,
      "dropout": 0.2
    }
  }
}